City,District
Alytus,Dainava
Alytus,Senamiestis
Alytus,Pirmas Alytus
Alytus,Putinai
Alytus,Vidzgiris
Kaunas,Rokai
Kaunas,Amaliai
Kaunas,Vaišvydava
Kaunas,Aukštutiniai Kaniūkai
Kaunas,Palemonas
Kaunas,Vičiūnai
Kaunas,Vytėnai
Kaunas,Romainiai
Kaunas,Lampėdžiai
Kaunas,Sargėnai
Kaunas,Žemutiniai Kaniūkai
Kaunas,Panemunė
Kaunas,Kalniečiai
Kaunas,Freda
Kaunas,Žaliakalnis
Kaunas,Dainava
Kaunas,Žemieji Šančiai
Kaunas,Šilainiai
Kaunas,Vilijampolė
Kaunas,Petrašiūnai
Kaunas,Eiguliai
Kaunas,Aleksotas
Kaunas,Aukštieji Šančiai
Kaunas,Senamiestis
Kaunas,Centras
Palanga,Palanga
Palanga,Šventoji
Vilnius,Antavilis
Vilnius,Paupys
Vilnius,Liepkalnis
Vilnius,Gineitiškės
Vilnius,Pagiriai
Vilnius,Salininkai
Vilnius,Kairėnai
Vilnius,Buivydiškės
Vilnius,Tarandė
Vilnius,Turniškės
Vilnius,Kirtimai
Vilnius,Trakų Vokė
Vilnius,Paneriai
Vilnius,Aukštieji Paneriai
Vilnius,Zujūnai
Vilnius,Dvarčionys
Vilnius,Burbiškės
Vilnius,Pavilnys
Vilnius,Valakampiai
Vilnius,Balsiai
Vilnius,Saulėtekis
Vilnius,Markučiai
Vilnius,Kalnėnai
Vilnius,Grigiškės
Vilnius,Visoriai
Vilnius,Filaretai
Vilnius,Žemieji Paneriai
Vilnius,Vilkpėdė
Vilnius,Šiaurės miestelis
Vilnius,Naujininkai
Vilnius,Baltupiai
Vilnius,Šnipiškės
Vilnius,Užupis
Vilnius,Žirmūnai
Vilnius,Šeškinė
Vilnius,Fabijoniškės
Vilnius,Lazdynėliai
Vilnius,Santariškės
Vilnius,Verkiai
Vilnius,Naujamiestis
Vilnius,Jeruzalė
Vilnius,Pilaitė
Vilnius,Pašilaičiai
Vilnius,Rasos
Vilnius,Viršuliškės
Vilnius,Bajorai
Vilnius,Karoliniškės
Vilnius,Antakalnis
Vilnius,Naujoji Vilnia
Vilnius,Senamiestis
Vilnius,Lazdynai
Vilnius,Žvėrynas
Vilnius,Justiniškės
Klaipėda,Šauliai
Klaipėda,Trekas
Klaipėda,Plytinė
Klaipėda,Labrenciškės
Klaipėda,Paupiai
Klaipėda,Smeltė
Klaipėda,Varpai
Klaipėda,Naujakiemis
Klaipėda,Laukininkai
Klaipėda,Mokykla
Klaipėda,Poilsis
Klaipėda,Giruliai
Klaipėda,Žardininkai
Klaipėda,Tauralaukis
Klaipėda,Melnragė
Klaipėda,Sportininkai
Klaipėda,Rumpiškės
Klaipėda,Vingis
Klaipėda,Bandužiai
Klaipėda,Žvejybos uostas
Klaipėda,Debrecenas
Klaipėda,Centras
Klaipėda,Mažasis kaimelis
Klaipėda,Kaunas
Klaipėda,Miškas
Klaipėda,Vėtrungė
Klaipėda,Alksnynė
Klaipėda,Senamiestis
Klaipėda,Baltija
Šiauliai,Zokniai
Šiauliai,Šimšė
Šiauliai,Gubernija
Šiauliai,Žaliūkiai
Šiauliai,Gytariai
Šiauliai,Dainiai
Šiauliai,Centras
Šiauliai,Lieporiai
Panevėžys,Tulpės
Panevėžys,Skaistakalnis
Panevėžys,Molainiai
Panevėžys,Pilėnai
Panevėžys,Žemaičiai
Panevėžys,Kniaudiškiai
Panevėžys,Klaipėdos
Panevėžys,Centras